year,variable,label,group,category,value,unit,status,note,denominator,record_id,workbook,sheet,cell,source_number_format,source_value,temporal_gate
2024-25,ai,Artificial intelligence,Overall,Total,12.1,%,published,,"Proportions are of all businesses in each output category. Businesses could select more than one option. Coverage includes Agriculture, Forestry and Fishing.",2024-25:6-2:10,data_2024-25/BCSDC06_2024–25.xlsx,Table 2,L7,0.0,12.1,C
2024-25,ai,Artificial intelligence,Employment size,0–4 persons,10.7,%,published,,"Proportions are of all businesses in each output category. Businesses could select more than one option. Coverage includes Agriculture, Forestry and Fishing.",2024-25:6-2:10,data_2024-25/BCSDC06_2024–25.xlsx,Table 2,L9,0.0,10.7,C
2024-25,ai,Artificial intelligence,Employment size,5–19 persons,12.3,%,published,,"Proportions are of all businesses in each output category. Businesses could select more than one option. Coverage includes Agriculture, Forestry and Fishing.",2024-25:6-2:10,data_2024-25/BCSDC06_2024–25.xlsx,Table 2,L10,0.0,12.3,C
2024-25,ai,Artificial intelligence,Employment size,20–199 persons,22.3,%,published,,"Proportions are of all businesses in each output category. Businesses could select more than one option. Coverage includes Agriculture, Forestry and Fishing.",2024-25:6-2:10,data_2024-25/BCSDC06_2024–25.xlsx,Table 2,L11,0.0,22.3,C
2024-25,ai,Artificial intelligence,Employment size,200 or more persons,34.7,%,published,,"Proportions are of all businesses in each output category. Businesses could select more than one option. Coverage includes Agriculture, Forestry and Fishing.",2024-25:6-2:10,data_2024-25/BCSDC06_2024–25.xlsx,Table 2,L12,0.0,34.7,C
2024-25,ai,Artificial intelligence,Industry,"Agriculture, Forestry and Fishing",2.8,%,published,,"Proportions are of all businesses in each output category. Businesses could select more than one option. Coverage includes Agriculture, Forestry and Fishing.",2024-25:6-2:10,data_2024-25/BCSDC06_2024–25.xlsx,Table 2,L14,0.0,2.8,C
2024-25,ai,Artificial intelligence,Industry,Mining,17.8,%,published,,"Proportions are of all businesses in each output category. Businesses could select more than one option. Coverage includes Agriculture, Forestry and Fishing.",2024-25:6-2:10,data_2024-25/BCSDC06_2024–25.xlsx,Table 2,L15,0.0,17.8,C
2024-25,ai,Artificial intelligence,Industry,Manufacturing,9.3,%,published,,"Proportions are of all businesses in each output category. Businesses could select more than one option. Coverage includes Agriculture, Forestry and Fishing.",2024-25:6-2:10,data_2024-25/BCSDC06_2024–25.xlsx,Table 2,L16,0.0,9.3,C
2024-25,ai,Artificial intelligence,Industry,"Electricity, Gas, Water and Waste Services",15.4,%,published,,"Proportions are of all businesses in each output category. Businesses could select more than one option. Coverage includes Agriculture, Forestry and Fishing.",2024-25:6-2:10,data_2024-25/BCSDC06_2024–25.xlsx,Table 2,L17,0.0,15.4,C
2024-25,ai,Artificial intelligence,Industry,Construction,6.4,%,published,,"Proportions are of all businesses in each output category. Businesses could select more than one option. Coverage includes Agriculture, Forestry and Fishing.",2024-25:6-2:10,data_2024-25/BCSDC06_2024–25.xlsx,Table 2,L18,0.0,6.4,C
2024-25,ai,Artificial intelligence,Industry,Wholesale Trade,13.9,%,published,,"Proportions are of all businesses in each output category. Businesses could select more than one option. Coverage includes Agriculture, Forestry and Fishing.",2024-25:6-2:10,data_2024-25/BCSDC06_2024–25.xlsx,Table 2,L19,0.0,13.9,C
2024-25,ai,Artificial intelligence,Industry,Retail Trade,9.2,%,published,,"Proportions are of all businesses in each output category. Businesses could select more than one option. Coverage includes Agriculture, Forestry and Fishing.",2024-25:6-2:10,data_2024-25/BCSDC06_2024–25.xlsx,Table 2,L20,0.0,9.2,C
2024-25,ai,Artificial intelligence,Industry,Accommodation and Food Services,5.2,%,published,,"Proportions are of all businesses in each output category. Businesses could select more than one option. Coverage includes Agriculture, Forestry and Fishing.",2024-25:6-2:10,data_2024-25/BCSDC06_2024–25.xlsx,Table 2,L21,0.0,5.2,C
2024-25,ai,Artificial intelligence,Industry,"Transport, Postal and Warehousing",1,%,published,,"Proportions are of all businesses in each output category. Businesses could select more than one option. Coverage includes Agriculture, Forestry and Fishing.",2024-25:6-2:10,data_2024-25/BCSDC06_2024–25.xlsx,Table 2,L22,0.0,1,C
2024-25,ai,Artificial intelligence,Industry,Information Media and Telecommunications,38.1,%,published,,"Proportions are of all businesses in each output category. Businesses could select more than one option. Coverage includes Agriculture, Forestry and Fishing.",2024-25:6-2:10,data_2024-25/BCSDC06_2024–25.xlsx,Table 2,L23,0.0,38.1,C
2024-25,ai,Artificial intelligence,Industry,Financial and Insurance Services,24.1,%,published,,"Proportions are of all businesses in each output category. Businesses could select more than one option. Coverage includes Agriculture, Forestry and Fishing.",2024-25:6-2:10,data_2024-25/BCSDC06_2024–25.xlsx,Table 2,L24,0.0,24.1,C
2024-25,ai,Artificial intelligence,Industry,"Rental, Hiring and Real Estate Services",11,%,published,,"Proportions are of all businesses in each output category. Businesses could select more than one option. Coverage includes Agriculture, Forestry and Fishing.",2024-25:6-2:10,data_2024-25/BCSDC06_2024–25.xlsx,Table 2,L25,0.0,11,C
2024-25,ai,Artificial intelligence,Industry,"Professional, Scientific and Technical Services",24.1,%,published,,"Proportions are of all businesses in each output category. Businesses could select more than one option. Coverage includes Agriculture, Forestry and Fishing.",2024-25:6-2:10,data_2024-25/BCSDC06_2024–25.xlsx,Table 2,L26,0.0,24.1,C
2024-25,ai,Artificial intelligence,Industry,Administrative and Support Services,12.4,%,published,,"Proportions are of all businesses in each output category. Businesses could select more than one option. Coverage includes Agriculture, Forestry and Fishing.",2024-25:6-2:10,data_2024-25/BCSDC06_2024–25.xlsx,Table 2,L27,0.0,12.4,C
2024-25,ai,Artificial intelligence,Industry,Health Care and Social Assistance,17.4,%,published,,"Proportions are of all businesses in each output category. Businesses could select more than one option. Coverage includes Agriculture, Forestry and Fishing.",2024-25:6-2:10,data_2024-25/BCSDC06_2024–25.xlsx,Table 2,L28,0.0,17.4,C
2024-25,ai,Artificial intelligence,Industry,Arts and Recreation Services,16.5,%,published,,"Proportions are of all businesses in each output category. Businesses could select more than one option. Coverage includes Agriculture, Forestry and Fishing.",2024-25:6-2:10,data_2024-25/BCSDC06_2024–25.xlsx,Table 2,L29,0.0,16.5,C
2024-25,ai,Artificial intelligence,Industry,Other Services,8.6,%,published,,"Proportions are of all businesses in each output category. Businesses could select more than one option. Coverage includes Agriculture, Forestry and Fishing.",2024-25:6-2:10,data_2024-25/BCSDC06_2024–25.xlsx,Table 2,L30,0.0,8.6,C
2024-25,ai,Artificial intelligence,State/Territory,New South Wales,12.7,%,published,,"Proportions are of all businesses in each output category. Businesses could select more than one option. Coverage includes Agriculture, Forestry and Fishing.",2024-25:6-2:10,data_2024-25/BCSDC06_2024–25.xlsx,Table 2,L32,0.0,12.7,C
2024-25,ai,Artificial intelligence,State/Territory,Victoria,13.1,%,published,,"Proportions are of all businesses in each output category. Businesses could select more than one option. Coverage includes Agriculture, Forestry and Fishing.",2024-25:6-2:10,data_2024-25/BCSDC06_2024–25.xlsx,Table 2,L33,0.0,13.1,C
2024-25,ai,Artificial intelligence,State/Territory,Queensland,11.6,%,published,,"Proportions are of all businesses in each output category. Businesses could select more than one option. Coverage includes Agriculture, Forestry and Fishing.",2024-25:6-2:10,data_2024-25/BCSDC06_2024–25.xlsx,Table 2,L34,0.0,11.6,C
2024-25,ai,Artificial intelligence,State/Territory,South Australia,8.4,%,published,,"Proportions are of all businesses in each output category. Businesses could select more than one option. Coverage includes Agriculture, Forestry and Fishing.",2024-25:6-2:10,data_2024-25/BCSDC06_2024–25.xlsx,Table 2,L35,0.0,8.4,C
2024-25,ai,Artificial intelligence,State/Territory,Western Australia,9.8,%,published,,"Proportions are of all businesses in each output category. Businesses could select more than one option. Coverage includes Agriculture, Forestry and Fishing.",2024-25:6-2:10,data_2024-25/BCSDC06_2024–25.xlsx,Table 2,L36,0.0,9.8,C
2024-25,ai,Artificial intelligence,State/Territory,Tasmania,17.2,%,published,,"Proportions are of all businesses in each output category. Businesses could select more than one option. Coverage includes Agriculture, Forestry and Fishing.",2024-25:6-2:10,data_2024-25/BCSDC06_2024–25.xlsx,Table 2,L37,0.0,17.2,C
2024-25,ai,Artificial intelligence,State/Territory,Northern Territory,17.8,%,caution,estimate has a relative standard error and should be used with caution,"Proportions are of all businesses in each output category. Businesses could select more than one option. Coverage includes Agriculture, Forestry and Fishing.",2024-25:6-2:10,data_2024-25/BCSDC06_2024–25.xlsx,Table 2,L38,\^0.0,17.8,C
2024-25,ai,Artificial intelligence,State/Territory,Australian Capital Territory,8.6,%,published,,"Proportions are of all businesses in each output category. Businesses could select more than one option. Coverage includes Agriculture, Forestry and Fishing.",2024-25:6-2:10,data_2024-25/BCSDC06_2024–25.xlsx,Table 2,L39,0.0,8.6,C
2024-25,ai,Artificial intelligence,Location,Any capital city location only,12.8,%,published,,"Proportions are of all businesses in each output category. Businesses could select more than one option. Coverage includes Agriculture, Forestry and Fishing.",2024-25:6-2:10,data_2024-25/BCSDC06_2024–25.xlsx,Table 2,L41,0.0,12.8,C
2024-25,ai,Artificial intelligence,Location,State or territory capital city CBD only,13.7,%,published,,"Proportions are of all businesses in each output category. Businesses could select more than one option. Coverage includes Agriculture, Forestry and Fishing.",2024-25:6-2:10,data_2024-25/BCSDC06_2024–25.xlsx,Table 2,L42,0.0,13.7,C
2024-25,ai,Artificial intelligence,Location,Capital city metropolitan area outside of CBD only,12.1,%,published,,"Proportions are of all businesses in each output category. Businesses could select more than one option. Coverage includes Agriculture, Forestry and Fishing.",2024-25:6-2:10,data_2024-25/BCSDC06_2024–25.xlsx,Table 2,L43,0.0,12.1,C
2024-25,ai,Artificial intelligence,Location,Regional only,10.8,%,published,,"Proportions are of all businesses in each output category. Businesses could select more than one option. Coverage includes Agriculture, Forestry and Fishing.",2024-25:6-2:10,data_2024-25/BCSDC06_2024–25.xlsx,Table 2,L44,0.0,10.8,C
2024-25,ai,Artificial intelligence,Location,Other location combinations,14.5,%,published,,"Proportions are of all businesses in each output category. Businesses could select more than one option. Coverage includes Agriculture, Forestry and Fishing.",2024-25:6-2:10,data_2024-25/BCSDC06_2024–25.xlsx,Table 2,L45,0.0,14.5,C
