series,year,small,large,gap,status,decision,small_cell,large_cell,record_id
internet,2006-07,83.4,99.9,16.5,published,D,J10,J13,2006-07:4-1:8
web,2006-07,24.5,95.0,70.5,published,D,K10,K13,2006-07:4-1:9
placed,2006-07,34.1,69.2,35.1,published,D,L10,L13,2006-07:4-1:10
received,2006-07,19.7,25.9,6.2,published,D,M10,M13,2006-07:4-1:11
internet,2008-09,87.7,99.0,11.3,published,D,J10,J13,2008-09:4-1:8
web,2008-09,31.2,95.1,63.9,published,D,K10,K13,2008-09:4-1:9
placed,2008-09,40.6,75.1,34.5,published,D,L10,L13,2008-09:4-1:10
received,2008-09,23.5,35.9,12.4,published,D,M10,M13,2008-09:4-1:11
internet,2009-10,87.3,99.2,11.9,published,D,J10,J13,2009-10:7-1:8
web,2009-10,29.2,94.0,64.8,published,D,K10,K13,2009-10:7-1:9
placed,2009-10,39.8,72.6,32.8,published,D,L10,L13,2009-10:7-1:10
received,2009-10,21.0,33.8,12.8,published,D,M10,M13,2009-10:7-1:11
internet,2010-11,89.1,100.0,10.9,published,D,J10,J13,2010-11:4-1:8
web,2010-11,33.2,97.3,64.1,published,D,K10,K13,2010-11:4-1:9
placed,2010-11,43.8,81.1,37.3,published,D,L10,L13,2010-11:4-1:10
received,2010-11,24.4,38.2,13.8,published,D,M10,M13,2010-11:4-1:11
internet,2011-12,90.2,99.9,9.7,published,D,L10,L13,2011-12:4-1:10
web,2011-12,34.1,97.0,62.9,published,D,M10,M13,2011-12:4-1:11
social,2011-12,12.6,51.8,39.2,published,D,N10,N13,2011-12:4-1:12
placed,2011-12,47.8,81.3,33.5,published,D,O10,O13,2011-12:4-1:13
received,2011-12,23.4,40.0,16.6,published,D,P10,P13,2011-12:4-1:14
internet,2012-13,91.0,99.8,8.8,published,D,L10,L13,2012-13:7-1:10
web,2012-13,35.9,97.6,61.7,published,D,M10,M13,2012-13:7-1:11
social,2012-13,19.0,63.7,44.7,published,D,N10,N13,2012-13:7-1:12
placed,2012-13,45.8,82.4,36.6,published,D,O10,O13,2012-13:7-1:13
received,2012-13,25.4,43.9,18.5,published,D,P10,P13,2012-13:7-1:14
internet,2013-14,93.3,99.9,6.6,published,D,L10,L13,2013-14:4-1:10
web,2013-14,37.0,97.2,60.2,published,D,M10,M13,2013-14:4-1:11
social,2013-14,22.1,65.9,43.8,published,D,N10,N13,2013-14:4-1:12
placed,2013-14,50.1,87.5,37.4,published,D,O10,O13,2013-14:4-1:13
received,2013-14,27.5,48.2,20.7,published,D,P10,P13,2013-14:4-1:14
internet,2014-15,93.9,99.9,6.0,published,D,L10,L13,2014-15:7-1:10
web,2014-15,38.9,91.2,52.3,published,D,M10,M13,2014-15:7-1:11
social,2014-15,25.0,71.0,46.0,published,D,N10,N13,2014-15:7-1:12
placed,2014-15,50.8,81.6,30.8,published,D,O10,O13,2014-15:7-1:13
received,2014-15,29.9,49.6,19.7,published,D,P10,P13,2014-15:7-1:14
internet,2015-16,94.3,99.9,5.6,published,D,B12,B15,2015-16:4-1:0
web,2015-16,41.0,93.6,52.6,published,D,C12,C15,2015-16:4-1:1
social,2015-16,30.3,80.6,50.3,published,D,D12,D15,2015-16:4-1:2
placed,2015-16,51.7,84.3,32.6,published,D,E12,E15,2015-16:4-1:3
received,2015-16,32.9,51.8,18.9,published,D,F12,F15,2015-16:4-1:4
internet,2016-17,94.2,99.1,4.9,published,D,B11,B14,2016-17:4-1:0
web,2016-17,40.2,93.9,53.7,published,D,C11,C14,2016-17:4-1:1
social,2016-17,30.9,80.0,49.1,published,D,D11,D14,2016-17:4-1:2
placed,2016-17,53.4,84.4,31.0,published,D,E11,E14,2016-17:4-1:3
received,2016-17,32.4,54.9,22.5,published,D,F11,F14,2016-17:4-1:4
internet,2017-18,96.3,97.8,1.5,published,D,C11,C14,2017-18:1-1:1
web,2017-18,44.1,95.8,51.7,published,D,D11,D14,2017-18:1-1:2
social,2017-18,35.4,85.7,50.3,published,D,E11,E14,2017-18:1-1:3
placed,2017-18,55.5,86.1,30.6,published,D,F11,F14,2017-18:1-1:4
received,2017-18,36.5,64.5,28.0,published,D,G11,G14,2017-18:1-1:5
internet,2018-19,96.2,99.9,3.7,published,D,B11,B15,2018-19:9-1:0
web,2018-19,44.1,96.1,52.0,published,D,C11,C15,2018-19:9-1:1
social,2018-19,38.4,87.0,48.6,published,D,D11,D15,2018-19:9-1:2
placed,2018-19,55.9,88.4,32.5,published,D,E11,E15,2018-19:9-1:3
received,2018-19,35.3,66.3,31.0,published,D,F11,F15,2018-19:9-1:4
placed,2007-08,36.9,70.7,33.8,published,D,B20,B23,2007-08:4-4:6
received,2007-08,20.5,28.6,8.1,published,D,C20,C23,2007-08:4-4:7
internet,2019-20,96.7,100,3.3,published,D,B11,B15,2019-20:1-1:0
placed,2019-20,62.4,83.9,21.5,published,D,C11,C15,2019-20:1-1:1
received,2019-20,44.9,61.2,16.3,published,D,D11,D15,2019-20:1-1:2
crm,2019-20,12.8,58.8,46.0,published,D,B9,B13,2019-20:3-7:0
erp,2019-20,2.3,50.5,48.2,published,D,C9,C13,2019-20:3-7:1
edi,2019-20,8.6,39.6,31.0,published,D,D9,D13,2019-20:3-7:2
cloud,2019-20,50.7,82.3,31.6,published,D,F9,F13,2019-20:3-7:4
analytics,2019-20,4.7,35.3,30.6,published,D,H9,H13,2019-20:3-7:6
iot,2019-20,5.7,28.5,22.8,published,D,I9,I13,2019-20:3-7:7
ai,2019-20,1.8,12.4,10.6,published,D,J9,J13,2019-20:3-7:8
internet,2021-22,97.3,100,2.7,published,C,B9,B12,2021-22:5-1:0
website_app,2021-22,40.1,94.5,54.4,published,C,B9,B12,2021-22:6-1:0
social,2021-22,39,79.4,40.4,published,A,D9,D12,2021-22:6-1:2
received,2021-22,26.6,42.9,16.3,published,A,F9,F12,2021-22:6-2:4
placed,2021-22,53,78.5,25.5,published,C,B9,B12,2021-22:6-5:0
paid_cloud,2021-22,47.2,84.8,37.6,published,C,B11,B14,2021-22:7-6:0
crm,2021-22,11.8,55.4,43.6,published,C,B10,B13,2021-22:7-1:0
erp,2021-22,1.9,63.3,61.4,published,C,C10,C13,2021-22:7-1:1
edi,2021-22,7.4,43.9,36.5,published,C,D10,D13,2021-22:7-1:2
cloud,2021-22,53.1,90,36.9,published,C,H10,H13,2021-22:7-1:6
analytics,2021-22,3.7,39.2,35.5,published,C,K10,K13,2021-22:7-1:9
iot,2021-22,4.5,23.3,18.8,published,C,L10,L13,2021-22:7-1:10
ai,2021-22,1.1,9.5,8.4,published,C,M10,M13,2021-22:7-1:11
printing,2021-22,1.2,7.4,6.2,published,C,N10,N13,2021-22:7-1:12
strategy,2021-22,8.2,48.9,40.7,published,C,D10,D13,2021-22:2-3:2
collected,2021-22,16.8,82.5,65.7,published,C,J10,J13,2021-22:2-3:8
predictive,2021-22,13.1,74.8,61.7,published,C,K10,K13,2021-22:2-3:9
customer,2021-22,25.1,70.9,45.8,published,C,B9,B12,2021-22:7-2:0
workflow,2021-22,14.3,58.3,44.0,published,C,G9,G12,2021-22:7-2:5
markets,2021-22,7.1,21.6,14.5,published,C,L9,L12,2021-22:7-2:10
internet,2024-25,99.4,100,0.6,published,C,K9,K12,2024-25:4-1:9
website_app,2024-25,44.6,88.7,44.1,published,C,B8,B11,2024-25:4-3:0
social,2024-25,42,86.3,44.3,published,A,C8,C11,2024-25:4-3:1
received,2024-25,26.6,47.2,20.6,published,A,F9,F12,2024-25:4-4:4
placed,2024-25,57,85.4,28.4,published,C,B8,B11,2024-25:4-6:0
cloud,2024-25,68.5,92.7,24.2,published,C,B9,B12,2024-25:6-2:0
crm,2024-25,11.6,62.8,51.2,published,C,F9,F12,2024-25:6-2:4
edi,2024-25,7,43,36,published,C,G9,G12,2024-25:6-2:5
iot,2024-25,5.7,30.3,24.6,published,C,H9,H12,2024-25:6-2:6
analytics,2024-25,3.3,39.4,36.1,published,C,I9,I12,2024-25:6-2:7
erp,2024-25,1.1,44.6,43.5,published,C,J9,J12,2024-25:6-2:8
printing,2024-25,1.3,6,4.7,published,C,K9,K12,2024-25:6-2:9
ai,2024-25,10.7,34.7,24.0,published,C,L9,L12,2024-25:6-2:10
strategy,2024-25,7.8,52.9,45.1,published,C,B8,B11,2024-25:6-1:0
measure,2024-25,4.9,32.6,27.7,published,C,C8,C11,2024-25:6-1:1
security,2024-25,11.1,63.3,52.2,published,C,H8,H11,2024-25:6-1:6
collected,2024-25,5.8,52.9,47.1,published,C,J8,J11,2024-25:6-1:8
predictive,2024-25,3.3,34.6,31.3,published,C,K8,K11,2024-25:6-1:9
customer,2024-25,28.1,63.8,35.7,published,C,B8,B11,2024-25:6-3:0
workflow,2024-25,14.9,54.5,39.6,published,C,G8,G11,2024-25:6-3:5
markets,2024-25,7.1,24,16.9,published,C,M8,M11,2024-25:6-3:11
skills,2024-25,11.8,22.9,11.1,published,C,B8,B11,2024-25:6-4:0
funds,2024-25,11.2,16.4,5.2,published,C,C8,C11,2024-25:6-4:1
benefits,2024-25,10.5,20.4,9.9,published,C,D8,D11,2024-25:6-4:2
technology,2024-25,7.6,14.1,6.5,published,C,E8,E11,2024-25:6-4:3
knowledge,2024-25,10,11,1,published,C,G8,G11,2024-25:6-4:5
